﻿<v8msg:Message xmlns:v8msg="http://v8.1c.ru/messages">
	<v8msg:Header>
		<v8msg:ExchangePlan>Распределенка</v8msg:ExchangePlan>
		<v8msg:To>ПФ</v8msg:To>
		<v8msg:From>ЦБ</v8msg:From>
		<v8msg:MessageNo>3</v8msg:MessageNo>
		<v8msg:ReceivedNo>0</v8msg:ReceivedNo>
	</v8msg:Header>
	<v8msg:Body>
		<v8de:Changes xmlns:v8="http://v8.1c.ru/data" xmlns:v8de="http://v8.1c.ru/dataexchange/2005/02" xmlns:xs="http://www.w3.org/2001/XMLSchema" xmlns:xsi="http://www.w3.org/2001/XMLSchema-instance">
			<v8de:Signature>b6dc8125-d21c-4f2b-b180-8a839d88c108</v8de:Signature>
			<v8de:Config xmlns:v8md="http://v8.1c.ru/metadata/2005/08">
				<v8de:Version>216.0</v8de:Version>
				<v8de:Digest1>00000000000000000000000000000000</v8de:Digest1>
				<v8de:Digest2 v2="3b544503c5069d089e224ee2ae78a0d5" Extensions="0000000000000000000000000000000000000000">35bb955e4ec7645affdf2e674ece37d9</v8de:Digest2>
			</v8de:Config>
			<v8de:Nodes>
				<v8de:Node>
					<v8de:DeletionMark>false</v8de:DeletionMark>
					<v8de:Code>ЦБ</v8de:Code>
					<v8de:Description>Центр</v8de:Description>
				</v8de:Node>
				<v8de:Node>
					<v8de:DeletionMark>false</v8de:DeletionMark>
					<v8de:Code>ПФ</v8de:Code>
					<v8de:Description>Периферийная</v8de:Description>
				</v8de:Node>
			</v8de:Nodes>
			<v8de:Data>
				<DocumentObject.ПриходнаяНакладная>
					<Ref>15511ec0-716c-11ed-92a3-d8bbc197aab8</Ref>
					<DeletionMark>false</DeletionMark>
					<Date>2022-12-01T15:43:01</Date>
					<Number>000000003</Number>
					<Posted>true</Posted>
					<Договор>089716ee-716a-11ed-92a3-d8bbc197aab8</Договор>
					<Принял>7c52de48-716a-11ed-92a3-d8bbc197aab8</Принял>
					<Носенклатура>
						<Row>
							<Номенклатура>b87f1075-7169-11ed-92a3-d8bbc197aab8</Номенклатура>
							<Количество>100</Количество>
						</Row>
					</Носенклатура>
				</DocumentObject.ПриходнаяНакладная>
			</v8de:Data>
		</v8de:Changes>
	</v8msg:Body>
</v8msg:Message>